"runtime","fcsthour","validtime","gec00.u","gec00.v","gep01.u","gep01.v","gep02.u","gep02.v","gep03.u","gep03.v","gep04.u","gep04.v","gep05.u","gep05.v","gep06.u","gep06.v","gep07.u","gep07.v","gep08.u","gep08.v","gep09.u","gep09.v","gep10.u","gep10.v","gep11.u","gep11.v","gep12.u","gep12.v","gep13.u","gep13.v","gep14.u","gep14.v","gep15.u","gep15.v","gep16.u","gep16.v","gep17.u","gep17.v","gep18.u","gep18.v","gep19.u","gep19.v","gep20.u","gep20.v"
2019-01-07 18:00:00,0,2019-01-07 18:00:00,-2.67907469394281,0.378698414917683,-2.99646787810433,0.22519040202301,-2.85604433442055,0.834467792281298,-2.48893478714653,0.492946798735517,-2.69914529567102,0.690939310158462,-2.49675907754053,0.807213555671691,-2.75146058841668,0.416429427586291,-2.65764029288712,0.168679392452464,-2.91129387243079,0.145085042552494,-3.28830744769183,0.960420753706089,-2.91434380807505,1.08344913442586,-2.47081072103398,0.43711255939375,-2.2403408385932,-0.901813409744778,-2.67251267252519,-0.0722251482381848,-2.72463500751126,-0.0381627682479788,-2.5012493839907,0.40565134914845,-2.26459439474518,0.00650135877011196,-2.76892166625968,1.46850608488774,-1.68265179566453,-0.841646328824878,-2.76052335071718,0.401802476043336,-3.02740855309476,0.449580751336964
2019-01-07 18:00:00,3,2019-01-07 21:00:00,-3.66664059718317,1.1377950772307,-3.96086891736044,1.26734600143384,-3.46681456582028,1.20545652731282,-3.71394622961022,1.1992325919207,-3.51884337932167,1.16079822197575,-3.72286247387545,1.20121109530098,-3.759324855989,1.2898277198515,-3.90518366819948,0.445051764368607,-3.81171472765146,0.85427887202404,-4.10197974562771,1.47964275719922,-3.90383242234293,1.50479520794826,-3.75853562170768,0.977286703618301,-3.68490344901931,0.394431967879011,-3.48415099838465,0.743098171272789,-3.39040098092668,0.974055228853571,-3.37169219972346,0.998370223451892,-3.40762519319778,1.05457132101851,-3.25428534101832,1.87455821389079,-3.13885594655174,1.38763376357911,-3.88965472218427,0.956888072252614,-3.62255687065139,1.25581942996632
2019-01-07 18:00:00,6,2019-01-08 00:00:00,-2.84364713603402,1.44880795468249,-2.73778902554952,1.79148695922321,-2.60980384085065,1.1759027607529,-3.15234054044587,1.67339336959136,-2.70727317714386,1.28402429440618,-2.91944133002562,1.57046812578033,-2.96634596045602,1.56131991958069,-3.06039569331882,0.687518457169785,-2.89794017012025,1.44212419120401,-3.0888971595292,1.69441990782765,-3.24194764883024,1.57839491952895,-3.01269531895922,1.46224181383157,-2.84775210759279,0.739888374640899,-2.77930682556364,1.05932795586419,-2.66480483713146,1.11809974872863,-2.79677831624678,1.10616802248843,-2.68996316194062,1.38180569709325,-2.67650727410761,2.07753780532525,-2.47583781684378,1.55881337077592,-2.91345215237008,1.3074932349542,-2.98410736767436,1.43994384333703
2019-01-07 18:00:00,9,2019-01-08 03:00:00,-1.95823795327719,1.94362668259861,-1.67024479250736,2.15909133405157,-1.79605811841341,1.51042545431442,-2.23932625361645,2.31264137109889,-1.94583804684394,1.6337300495075,-2.10687016300198,2.06389750849675,-2.0490505790408,2.14825189909835,-2.16226444272689,1.2065597111004,-2.0109452936678,2.15760991209652,-2.38596873594564,2.2719160670696,-2.71655447059441,2.29705139222495,-2.22951533570203,2.03677244218666,-1.99835502224797,1.25669215686254,-1.97614108426598,1.45440078967234,-1.83481565555919,1.6899126376121,-2.13579840708137,1.59637595145178,-1.80446754852202,1.93854810904039,-1.9133198959545,2.22035723697629,-1.44107380086132,1.74026358700605,-1.96233503069597,1.86200206462552,-2.09514240812014,1.8857534606746
2019-01-07 18:00:00,12,2019-01-08 06:00:00,-0.948399834344685,2.16633306374484,-0.650805696769018,2.08098293504426,-0.618679351798879,1.58209934123327,-1.00853090151573,2.54000263405038,-1.24152235051965,1.96294473217757,-1.05267765346787,2.48245101987144,-0.790663243754335,2.13718173015176,-1.16644256223227,1.63948727112967,-0.79801448569416,2.15995871302621,-1.36416497700129,2.57420916930301,-1.70769536975478,2.63151305292772,-1.18081670454332,2.31127572145449,-0.895898945392622,1.60805382931835,-0.63745557399412,1.56505996258161,-0.661804562261427,1.97574964531431,-1.19937345010325,2.04926346613089,-0.53545016573414,1.92285329100997,-1.18688681483624,2.4157215532237,-0.238802267311526,1.57643928676964,-0.904855037803345,2.29595058496934,-1.09405141349329,2.12185970730093
2019-01-07 18:00:00,15,2019-01-08 09:00:00,0.177837331383503,1.66499662726374,0.34689993185569,1.78110573000598,0.315077068515159,1.14466765214101,0.208509888522514,1.95309930028012,-0.168816131201726,1.56506649974773,0.0439331514105746,1.94085202970153,0.376064939992396,1.57447495717706,0.109908397004082,1.06568287270551,0.116263590947435,1.43556309568801,-0.205954466467844,1.95112014755296,-0.402988267197767,2.451396781373,-0.076913401883801,1.80098350246017,0.590789612350668,0.79611381710969,0.648601477759305,0.725874797147859,0.441476655208502,1.1829980602429,-0.0496819232023471,1.74940090863974,0.613563807281052,1.32364903493916,0.113602103828882,1.8134247836992,0.619142981486399,1.009233759548,0.356860859509033,1.48088766475725,-0.10934065740431,1.6251082801411
2019-01-07 18:00:00,18,2019-01-08 12:00:00,0.936707116340804,0.575589600804608,1.33554911910499,0.576546820213705,1.23627459872173,-0.358639286788571,1.10092717806787,0.457562378193959,0.534384787184958,0.784998071993067,0.801564478220505,0.708189325820191,0.907138688474622,0.788732882346105,0.924791137103191,-0.190268427748929,0.975131235273932,0.325024461835948,0.405192416201864,0.860208510138388,0.52223160550696,1.43861455799257,1.00802371918149,0.390170005207641,1.39954743453311,-0.73560669888005,1.22683419256412,-0.23412049641932,0.814848294287926,0.190839286884027,0.860491587468074,1.02362200950853,1.19473378529467,0.323398906235717,0.745137205024144,1.01054030072343,1.07249979743124,0.13592836103783,1.02831207626092,0.560931281708414,0.728113019718289,0.442717753230747
2019-01-07 18:00:00,21,2019-01-08 15:00:00,1.12807396113076,-0.401465458711432,1.42130272784877,-0.753050760578582,1.06716410003678,-1.02003622998988,0.872949454403138,-0.28541428895276,0.98444003964006,-0.361191762938262,0.865575928294597,0.0591064258062669,1.02068603123436,0.601200424942441,1.00654469537565,-1.08301994668213,1.08193947434463,-0.460204810051819,0.418529412265424,0.490201493311812,0.912617987474722,0.404373399307699,1.15466350722309,-0.682649015578584,1.11872129605419,-1.42445993941869,1.66603648359157,-1.77869012367201,1.08405509657713,-0.605828513350837,1.18960076259844,-0.570902413818973,1.43032895026189,-1.28866941271818,0.987619712999756,0.30051075596886,1.29705514144701,-1.12701728382952,1.14728999487367,-0.191164400091874,0.723608876896175,-0.250187522629808
2019-01-07 18:00:00,24,2019-01-08 18:00:00,0.826766142878805,0.164316540294958,1.25766677251908,-0.480394309450496,1.05175401827277,0.108890311841775,0.79650144855919,0.18875950218914,0.342403480067868,0.168550830222438,0.861053355284014,0.327737407042763,1.0209752105907,0.532995540918954,0.882711237681863,-0.448726109902609,0.764684258830496,0.390369146924843,0.321469895900336,1.00874543581704,0.505329033776396,0.27826274442054,0.792674305966009,-0.134648649259414,0.910320798603494,-0.0890552743719072,1.14415605157769,-0.731802462908006,0.810084588202962,-0.0385254663859542,0.640360978263719,0.280319959910047,0.812269299262514,-0.309742929166634,1.25102599243763,0.266402963123282,0.69718171049162,0.307223219607455,1.09803882469532,0.309158363554982,0.708988177482679,0.321867910714619
2019-01-07 18:00:00,27,2019-01-08 21:00:00,0.446842969218219,0.165154903310972,0.842435250551286,-0.0882415386373131,0.48467369526376,0.246232209635069,0.478180513012883,0.235755055506726,0.190127758289148,-0.131535652818426,0.730033918972332,0.448781120008251,0.939941370491162,0.127853242248031,0.284762658384803,-0.234418225163541,0.0572915051174198,-0.153491885789119,0.283966204795002,0.507900992391614,0.0823189927556943,0.665564920520299,0.35512007677303,-0.243484167236573,0.418633343932817,0.309531158734571,0.465998422244587,-0.290721757912934,0.576475299818174,-0.0588339585213939,0.328974582212599,0.280925171747126,0.586016655151851,-0.148425610217054,0.996397316953174,0.621171005429836,0.654365241748285,0.178703723595509,1.01308640083499,0.395381024528,0.284805869748371,0.639988210602383
2019-01-07 18:00:00,30,2019-01-09 00:00:00,-0.560911698352098,1.12786853773222,-0.159966418443424,0.739389923106474,-0.276371325540101,1.10889275975028,-0.515176234760122,0.890346035202004,-0.988032239641294,1.02556659587357,0.320129729157,1.05797765815031,0.295826607920883,0.910345305957778,-0.88954575839381,0.883380358153732,-1.17289228204945,0.625698830671914,-0.530892445886725,1.60260237540599,-0.657043490850644,1.52114505459382,-0.594242568661623,0.987516291678144,-0.498641124046686,0.879227474623064,-0.451368364215932,0.698425538801614,-0.387297596742684,0.705415141405335,-0.542774349524384,0.529859224372211,-0.445132313735947,0.660333130556184,0.604866450464917,0.784855985946014,-0.364888297027411,1.05815360558991,0.240196583696769,0.525964511754163,-0.464572834619997,1.42800446733991
2019-01-07 18:00:00,33,2019-01-09 03:00:00,1.8827772265572,0.548624513489807,2.22212623810181,0.368096941824752,2.14628295075189,0.339698788110561,1.79055788624091,0.670856407277031,1.37160773606215,0.441717350600135,2.73765097692826,0.0973125699800701,2.69248582463909,-0.144905940124678,1.65840397531869,0.415308370624767,0.447372527543874,0.718929954885557,2.01271546445423,0.888281188991935,1.90245634805636,0.656098550391346,1.56082066992988,0.641878826080037,1.76167737854598,0.551100991401478,1.96314299908572,-0.422285942538341,2.03251739467423,0.268514258239901,1.35498451995746,0.252449515452185,1.76156883930293,0.616522565800933,2.88181827800591,0.000904359902513376,2.19129739157617,-0.144937746060987,2.43810986535387,-0.0736149978826485,1.97350827033656,0.719118658901788
2019-01-07 18:00:00,36,2019-01-09 06:00:00,3.60236362468807,-2.5761637883287,3.97589671172914,-2.57459449098255,3.64832781012819,-2.89079289426158,3.84816339660142,-2.29135545949359,3.26758650157789,-2.49001942860009,3.83435223101098,-3.12437795829513,3.77944076526713,-2.83190260145615,3.55852548807972,-2.59287343509515,3.00217145058543,-1.79871070551647,3.93903230223635,-2.17192176608954,3.71087033140443,-2.53709808798133,3.42813243463577,-2.44514552230173,3.61324540745057,-2.84110644603835,3.30926003732185,-3.22141024022287,3.57188628121316,-2.41430783615085,3.37236203771405,-2.66046694494118,3.62481955347423,-2.33017420508555,4.01465982679666,-2.72608300966152,3.37799053527787,-2.81419371898606,3.89536660760481,-2.89575267756493,3.63377280352818,-2.58122423049423
2019-01-07 18:00:00,39,2019-01-09 09:00:00,3.08825447283501,-3.50844625565645,3.69195000835949,-3.32354098180486,3.1556453545374,-3.85909072070485,3.39019088592442,-3.46994455944592,2.97123262536464,-3.54618299431599,3.52816320725485,-3.58700843106895,3.54126319550181,-3.36949858352425,3.30692903036908,-3.57993357918988,2.33161644735487,-4.00720604870675,3.58491294592607,-3.02250442255689,3.1294994681485,-3.49418768899864,3.03512042274722,-3.48278329066421,2.92305467752997,-3.69072336712799,2.95247205651551,-3.62138150672002,3.3275064790494,-3.10677069400813,2.99334245343437,-3.46705553186565,3.31945770151426,-3.54094125678927,3.4554969317725,-3.18179167199853,2.7639475886177,-3.76340817959061,3.61237983169097,-3.45952999763209,3.06070229124015,-3.9104165825175
2019-01-07 18:00:00,42,2019-01-09 12:00:00,2.99440722004666,-4.37412720397219,3.49859918968311,-4.22560568788037,2.88029595508105,-4.51120547938307,3.04850734292791,-4.27607261851515,2.95894527664041,-4.34996858069147,3.22991692735562,-4.65004251819603,3.12145986765436,-4.63238791517753,3.29263753670227,-4.48297149543637,2.03630189339628,-4.17362321313599,3.47251704419967,-3.69356646153885,2.8889425685937,-4.34530749913585,3.07768930107087,-4.1298709397735,2.92166661523128,-4.54769952518823,3.08831180560718,-3.97001649266336,3.39141466372918,-3.7798988700358,2.77696382145413,-4.21524455564645,3.23660117631905,-4.29098374684325,3.27726234761442,-4.08753135071389,2.68629125055599,-4.0015436315468,3.26029613066849,-4.25479608006098,2.84807504154987,-4.58206090509816
2019-01-07 18:00:00,45,2019-01-09 15:00:00,2.8046925179045,-5.85184664727508,3.44800246101917,-5.5604899853251,2.92398629075313,-5.88947157122895,2.74480704065688,-5.57384735492673,2.72357357925621,-6.22371487636911,3.31334104204779,-6.02432526581756,2.70047493422399,-5.85151193240229,3.6475786074379,-5.97970037297444,1.9849123044373,-5.51179086868145,3.45431848692577,-5.16999282196891,2.98649857930796,-5.96585206728523,2.87225871145874,-5.72930929833298,2.76898243835642,-5.81334495106455,3.19196537139172,-5.97190840937805,3.09137653686777,-5.60448927375673,2.33566055574132,-5.77064343235496,3.5012647221621,-5.74192456196824,2.90529479697193,-5.37744530394596,2.53819209676153,-5.70147785680234,3.55956252691161,-5.69013060189352,2.90869696491114,-5.9022702708562
2019-01-07 18:00:00,48,2019-01-09 18:00:00,2.96229570931281,-5.85130001249122,3.61070730757048,-5.65391566795495,2.83625894334199,-5.97556224644013,2.91594888326888,-5.82253402754867,2.4975150008425,-6.32719776273829,3.03170671296054,-5.97032083257004,2.42117931688293,-6.26569849970445,3.51961050502173,-5.9711304266303,1.64781627570308,-5.7617970140191,3.76983381077644,-5.38824195270682,2.89393145561113,-5.83543649967242,2.75575947752668,-5.79776692545015,2.95327832652493,-5.84855113546652,3.35307698128231,-6.00418036227457,3.10131596197572,-5.76637717466286,2.34125189741363,-5.90016165954925,3.39731921976249,-5.62393779029535,3.09654599000217,-5.68193635339948,2.517395223825,-5.66380966117118,3.42350393473876,-5.81857341963523,2.65948292955433,-6.25727050509731
2019-01-07 18:00:00,51,2019-01-09 21:00:00,2.24955836620093,-6.02947988471566,2.66609221359698,-6.01985464493861,1.8087108208667,-6.12479404094476,1.94350758827073,-6.11420520642081,2.09536108992027,-6.62475760847298,2.51864905876373,-6.08531872897566,1.68798445017742,-6.22748076403803,2.509215527188,-6.22077183275667,1.38386642590365,-5.84680375004997,2.9227197247224,-5.74964501372753,2.37308355910202,-5.74997974235944,2.08273745838559,-5.65658297675453,2.0148804028109,-6.15033086734083,2.68695656086828,-5.69421077058343,2.53022821529323,-6.02659953493232,1.31938574863667,-6.11983427140054,3.00931563239341,-5.49967524644895,2.63860671095445,-5.68084496694415,1.77396089877459,-5.99121320376011,2.54067475863082,-6.04651367168645,1.94745564271323,-6.38600784429246
2019-01-07 18:00:00,54,2019-01-10 00:00:00,2.16378950387414,-5.30634616621914,2.12962794254654,-5.37238309401827,1.73578520101996,-5.51139523630016,1.80780859842792,-5.56433335723875,2.37640658448357,-5.60228744566191,2.38201998235806,-5.35694343478074,2.03819608770925,-5.2919334508055,2.84352156161015,-5.39912894325635,2.03137688214164,-4.74056151357875,2.44794468986392,-5.40082549241326,2.94472534394619,-4.40219079088278,2.29763862073853,-4.95566245323664,2.16083911977849,-5.25114924078913,2.96020295445768,-5.23812937603797,2.17563407020835,-5.4611968291044,1.50422743758664,-5.70438668530407,2.81817389719701,-5.25584939469141,2.74108217724265,-4.94516601912467,2.04655319027429,-5.53195653239028,2.27355178057244,-5.23474431993333,1.99042640828158,-5.93122183507896
2019-01-07 18:00:00,57,2019-01-10 03:00:00,3.06598217724552,-6.21217729192659,2.66247660112002,-6.32036868430473,2.71693922106717,-6.24158289324002,2.74073001311954,-6.14888604762051,3.31335610894165,-6.1185147246885,3.04946250363717,-6.36278897803518,2.97298459666307,-5.75425582061493,3.52448618967429,-6.44113325002726,3.19810029128371,-5.81124185744214,3.11851355643741,-6.34050844303183,3.48104700808826,-6.73591204786692,2.91405093649025,-6.29003682554785,3.15493852717465,-5.83519052585516,3.49864137566408,-6.55493445491975,2.74722118904967,-6.61090206389168,2.30274439531482,-6.06473261043306,2.9103779426529,-6.63069586997154,3.29598178541705,-6.26689719753832,2.55117639462881,-6.28609301957148,2.78109783058877,-6.41513578640325,2.53575352356922,-6.19030064255405
2019-01-07 18:00:00,60,2019-01-10 06:00:00,3.13235500130386,-6.7572887989421,2.8031141234147,-6.57352412017786,2.94368928339502,-6.61755675496521,2.94024533506244,-6.76699044836925,3.5287491856629,-6.83426280261241,2.9183303150692,-6.51008485869447,3.1092066954974,-6.40563975616949,3.79811555280136,-6.93959311143171,3.03806237280522,-6.42947970975202,3.07923191771299,-6.75193023620388,3.02848989367759,-6.88910567877329,2.82649418277264,-6.52623146056847,3.49497879466686,-6.68836021744695,3.38678696918287,-6.84667425671761,2.62159329169723,-6.62961651667312,2.75289719299779,-6.26788071958211,2.77494255091785,-6.71498090109236,2.9952160848627,-6.73931005571926,2.52433929884691,-6.70962209459486,2.76216246816822,-6.796594281291,2.77810970360208,-6.20275509178179
2019-01-07 18:00:00,63,2019-01-10 09:00:00,2.92191360278216,-6.11100480897196,2.84182389665777,-5.9807287288087,2.79014677555367,-5.91670103838896,2.79838051574109,-6.16644463003781,3.03171225753954,-6.36314600459493,2.96613595320922,-6.01145985451903,2.97508403092902,-5.8887361452972,3.52145570111919,-6.69309882186726,2.72916989809161,-6.27753675949648,3.0364656713353,-6.11228060442278,2.86422206804781,-6.45373443353129,2.74894411429033,-5.96973514509966,3.25286797983449,-6.16407424084088,2.99511711976634,-6.39901237352964,2.69539349606797,-5.98898770497084,2.76419300295369,-6.00267781064276,2.59122447370624,-5.99586406772318,2.78922377981372,-6.24643922770351,2.5130326757405,-5.82990799266408,2.69184928070167,-6.19628307262694,2.95549976037015,-5.45222997064504
2019-01-07 18:00:00,66,2019-01-10 12:00:00,2.95964936843819,-5.58713968758656,2.92990863290525,-5.48060090958203,2.8744412871647,-5.46266592555505,2.93758689868357,-5.75583922357694,2.86404552567405,-5.5399253344988,2.90388539340888,-5.45794928164683,3.10885729180009,-5.47050565305415,3.13006050672022,-5.5833390638691,2.04020466725985,-5.46775909224769,2.98024934504651,-5.49471185089101,2.86732220436396,-5.71866648905424,2.71399490565543,-5.47035762211772,3.22174591379277,-5.37533132372398,3.01420069398798,-5.64212985168051,2.50601272514165,-5.53311517693935,2.69032731415238,-5.47980785994042,2.5087257915232,-5.68219989975194,2.87519215082534,-5.7209718544447,2.68070397124685,-5.26531739166194,2.72604852202569,-5.50722913619255,2.93637212233237,-4.95458036437325
2019-01-07 18:00:00,69,2019-01-10 15:00:00,2.45852118457708,-5.57466772676114,2.23196511915053,-5.31464463141723,2.30927131899349,-5.26060897868566,2.4652704711061,-5.44226128316177,2.49791079512863,-5.58449447360913,2.17787328223774,-5.34153851159174,2.56494673648936,-5.41998974961198,2.67382723042516,-5.96299944528229,1.97310114211513,-4.80229190771166,2.74937829878077,-5.51538508223774,1.97756124336214,-5.61394709582192,2.41064467343131,-5.65220025030303,2.84080484697386,-5.8030750437572,2.63558733114096,-5.45214135807509,1.48035472937786,-5.31627727784037,2.46812565308657,-5.23729609752412,2.02796082021308,-5.50398346012186,2.12224094179538,-5.2977009423993,1.91977984067507,-5.15243413072619,2.30623234984615,-5.02001941491749,2.78474808553432,-5.08331917519218
2019-01-07 18:00:00,72,2019-01-10 18:00:00,1.05175975016471,-5.10768079886139,0.552624569161826,-5.07703808261533,1.38868616551976,-4.6695754177983,1.38301588756256,-5.05291695846637,1.49634031639606,-5.32618766740607,0.825440448795487,-4.87079773711461,0.964417024193499,-4.71833679782261,1.03037442870821,-5.89602866997272,0.932668476426873,-4.31367512133283,1.08522526718092,-4.83459352591368,0.609191019910246,-4.94237992534745,0.0678507543097406,-4.53112281494609,1.78955325418052,-5.30302393825365,1.30621812164573,-5.1005293755039,0.145587884797748,-4.89167926235869,1.37440047977484,-4.95326840710438,0.798560648752202,-5.18723886044204,1.06640864846063,-4.85944991478987,0.374204523107388,-4.74332370021307,0.834617166432462,-5.02354637038003,1.39206080878427,-4.6197852108377
2019-01-07 18:00:00,75,2019-01-10 21:00:00,0.0176994288743423,-5.09965555505323,-0.499219065446258,-4.94472409384065,0.587735793174285,-4.58858993071115,0.044395225509726,-5.23964186675047,0.710204404464223,-5.41242267874433,-0.18772559657518,-4.63482724450852,0.352986614085527,-5.20138713905447,-0.240076247821793,-5.48655246693108,-0.0183619374834349,-4.81170471457443,0.156440731498964,-4.8008726063453,0.0515560611855874,-5.06375334795711,-0.69242165856242,-4.70996328514897,1.08543618129301,-4.79754374818101,-0.550415211160712,-4.45980970380906,-1.27656847665278,-4.65809211800807,0.501669443828931,-5.43009512284162,-0.381720036329288,-4.83245176287479,-0.0191028076506661,-4.79866903464884,-0.589251762455107,-4.93942763062116,-0.680327996842003,-4.46233318886096,0.432015138957761,-4.80940584569651
2019-01-07 18:00:00,78,2019-01-11 00:00:00,-0.0054132831537788,-4.50263832626022,-0.210261251751456,-4.59148629877462,0.28212595314167,-4.56442554078591,0.0539305422975545,-4.74939302888267,0.234609664120943,-4.63363537477846,-0.0523672231835271,-4.28281443552813,0.095958215689905,-5.04871165963668,-0.861364503710872,-4.54727166690011,-1.03441588408446,-4.19161219361152,-0.0401672918837078,-4.06909481261989,-1.23620621224445,-4.21903679188087,-1.1411579861341,-4.62682895268194,0.734766986824808,-4.1417199354385,-0.632395114825861,-3.91401518616082,-0.883799944232525,-4.3515601484472,0.587961530420956,-5.80874050848977,-0.821427548714851,-4.13469291563398,-0.196704583881532,-4.78945446732901,-0.776951259501289,-4.89133787600973,-0.341440737773538,-4.64404640564488,0.382970785151966,-4.98389236430465
2019-01-07 18:00:00,81,2019-01-11 03:00:00,0.0200402510756635,-4.65843881365867,-0.500271787799938,-4.55887747661539,0.202664598095446,-4.57816028296711,0.216793561347885,-4.80312546860475,0.878119208953127,-4.78130278085166,-0.111552889894965,-4.48299357649939,0.237301342683531,-4.88602715707156,-1.31371024604276,-4.48750196778764,-1.12866883420056,-4.59115859279377,0.298375006577372,-4.2097938748755,-1.58592729765906,-3.72487506079033,-1.96113022563475,-4.71309483029574,1.92495140109752,-4.48646579251003,-1.27967965822974,-3.97510936056021,-2.10785733744428,-4.83616325636568,-0.044761902869917,-4.9197838872831,-1.06776166739417,-4.14604502504482,-0.99734438377449,-5.00328582301196,-0.96089497244498,-4.57453686797302,-1.67647859177387,-5.17811238475433,0.16785935803381,-5.50430484580141
2019-01-07 18:00:00,84,2019-01-11 06:00:00,-0.693507815103811,-4.68322818616677,-0.950841512103215,-4.91996791758546,-0.176665256673882,-4.83959157038849,-1.05738087128278,-5.27718825418256,-0.0678283934483657,-4.83807289306095,-0.498186250219663,-4.55312767537378,0.0815245291466172,-4.80109658693152,-1.63180208687228,-4.44443715459608,-2.32947721943268,-4.0782542761776,-1.31585687355191,-4.87987976563961,-1.6285486595301,-3.82485707746683,-2.34842808509654,-4.52315632112117,0.9349650513665,-4.61927725657203,-1.2414452962137,-4.42269608948083,-3.56652905004069,-5.05541356033233,0.53986904489798,-4.42122494605585,-1.40952051272721,-4.44097048898893,-1.5303062140275,-5.28852173885766,-0.512575248460768,-3.98335184468277,-2.53309534478529,-5.21182904209746,0.270509648031495,-5.00561118387115
2019-01-07 18:00:00,87,2019-01-11 09:00:00,-1.87233521687546,-4.75086058491391,-2.48601614550639,-5.45192916106199,-1.10465823399815,-4.91413111826617,-2.82036863137837,-5.49988227648164,-1.84012227941524,-4.34746325189308,-1.36248052600605,-4.69667858973452,-1.02598905976203,-4.53622823103665,-1.69760900992226,-4.47551271211784,-3.31845504235533,-3.95118719726379,-3.13772055546054,-5.44277967196134,-2.29082591907082,-3.97225470471827,-2.39899273654664,-4.18628797305975,-1.0853596092284,-4.39133842966651,-1.79942293794746,-4.76607788388198,-4.22802925652617,-5.48424764733929,0.208686823310929,-4.59601527780834,-2.40049268172284,-4.83865778901628,-2.56680617517016,-4.93324623562849,-0.335260628339295,-4.40771021247298,-2.62962434350381,-5.14956378819538,0.287922515106813,-4.67404100127695
2019-01-07 18:00:00,90,2019-01-11 12:00:00,-3.12694784452791,-4.28149634464712,-3.82624703346997,-5.03407111872466,-1.88911441043566,-4.43850990614904,-3.58429671583678,-4.64945831345115,-3.42431509098874,-3.40122932035014,-3.31728296498829,-3.76467329620098,-1.98336934517874,-3.89655075674872,-2.34923386962102,-4.0644984835932,-3.22664348292747,-4.17613708600742,-4.32557859576425,-4.99846409618798,-3.56883172696806,-3.63525210971327,-3.02472279780431,-4.28152571963875,-2.69737712999536,-3.74021787652595,-2.98342488001309,-4.08559201067933,-4.67228555406761,-5.05038490831036,-1.43373362642334,-4.48503384198264,-3.46525447514353,-4.78398482237295,-3.20274849375467,-4.35200734437526,-1.4630416936106,-4.09229495845135,-3.46602483502883,-4.61979226628424,-0.7018066865133,-4.22439978977438
2019-01-07 18:00:00,93,2019-01-11 15:00:00,-5.23252784683465,-3.94346554250084,-5.68670556075244,-4.5239077849932,-3.76535276919925,-3.84175741815372,-5.22699151968266,-4.15962025475585,-5.3813076956674,-2.46055500064966,-5.02559721053173,-3.32107110657373,-3.81524225846455,-3.94831613131325,-4.1621605830222,-3.60006529305038,-5.36684003769616,-3.31998758674014,-5.90789690434397,-4.07487384402754,-5.69650674796908,-3.27885291484839,-5.43818517949244,-3.67640248205301,-4.77163081779998,-3.9324173694427,-5.0128593275222,-3.32026072295551,-6.15997539820322,-3.87851707686929,-4.90830141973803,-3.25680478070979,-5.5381803170558,-4.46684519627118,-5.06526916713513,-4.19285131017386,-4.31442669465408,-3.47362048867273,-5.43476262425603,-3.66044068100298,-3.15873751744001,-3.96583188043632
2019-01-07 18:00:00,96,2019-01-11 18:00:00,-5.76283804121782,-3.28380020499453,-6.12937141688805,-3.96440644166694,-4.34693998107325,-2.88030163193649,-5.59793502327074,-3.70139489622698,-5.38783075153018,-1.83128504656467,-5.21283246329608,-2.8641319019231,-4.93933543065745,-3.87191027290683,-4.55115899572395,-2.8563430382019,-5.51983473464445,-3.05270257954508,-5.8410680342168,-2.88688691052633,-5.95360187769612,-2.50195825305056,-6.15807596338426,-2.51740530515039,-5.52424083299462,-4.15769142008444,-5.66083391003436,-2.62862850381373,-6.15564996324651,-2.4485368030941,-5.71000473985209,-2.30265349994589,-6.2921044649792,-2.65537968518066,-5.7027146788402,-3.56797480527801,-5.24922323788244,-2.44933367603063,-5.48651932102364,-2.91888205401537,-5.05719196009361,-2.74413900650514
2019-01-07 18:00:00,99,2019-01-11 21:00:00,-5.67541175445987,-3.52056212692546,-6.10182773750268,-3.57232225515952,-4.63831104681108,-2.93003974135368,-5.5346754564154,-3.84137778439241,-5.19843432725774,-1.99946093366588,-4.95538692407275,-2.91006879268867,-5.2978426910306,-4.36009626295066,-4.65769907038862,-3.40829393701013,-5.73815975417116,-3.68423726139362,-5.59424673457299,-2.72518799073847,-5.90743517938609,-3.00288833961343,-6.03749908211986,-2.26324652004135,-5.55311451320955,-4.47809707410119,-5.42752793828379,-3.18027467671131,-6.07248725365219,-2.48575393240041,-5.40786867000866,-2.80136236104645,-5.8819393222082,-2.99415195180454,-5.843546409,-3.08489285476725,-5.3373093389619,-2.88627777063615,-5.39697764203333,-3.05335197316834,-5.0639277201482,-3.47112742772243
2019-01-07 18:00:00,102,2019-01-12 00:00:00,-4.63851643221345,-3.3190117917308,-4.92416308075357,-2.9731632147394,-4.15656073914041,-2.98701208987813,-4.81989751896295,-2.90022747819089,-4.60336062407081,-1.48539027298444,-4.30988764602047,-2.65350208442184,-4.60029153165127,-3.66858641148924,-4.11366713416016,-3.3541080445395,-5.53563586618908,-3.16426280726583,-5.26004514431178,-2.00367508005545,-5.41397871303545,-2.84924622581075,-4.95542594466411,-2.07426621703852,-5.19038921912384,-3.89793785397853,-4.75603742184251,-3.22458483435762,-5.00258805741649,-2.09456495943983,-4.57590888713074,-3.01396154026336,-5.14787969947673,-2.68691140349769,-4.76329697885545,-2.6591141856362,-4.56560314166197,-2.92094301872694,-4.26094530805073,-2.72376955292639,-4.76451757688768,-3.35842877888787
2019-01-07 18:00:00,105,2019-01-12 03:00:00,-5.3516665143405,-2.58835975619905,-5.33450450255543,-2.36778277869728,-4.13661140043641,-2.57885735793831,-5.15450182202697,-2.02985117164751,-5.19938515440283,-0.547573141585179,-4.56864212456845,-2.138410754287,-5.2750631181171,-3.01157217312219,-4.62366819499565,-2.35134347289129,-5.44039271145129,-2.13294712239215,-5.1925732755593,-1.17780017549199,-5.90130927153971,-1.74350531860709,-4.48620314578854,-1.74195112677477,-5.67678073671355,-2.82406941057591,-5.14948011479234,-2.70995757874166,-5.52475641340395,-0.531058336237971,-4.99148814326705,-3.50888354788019,-5.37425894015026,-1.31681546420366,-5.13474183402866,-1.93650724658936,-4.75707417829515,-3.20021317591762,-4.09912411361518,-2.13320635148284,-5.02086584183644,-3.52381618457817
2019-01-07 18:00:00,108,2019-01-12 06:00:00,-5.84752008022049,-1.84116389881418,-5.49232792939515,-1.36912625944668,-4.61984845312288,-1.60930269237122,-5.23807224637149,-1.57246351885314,-4.96981765298555,0.674738483869379,-4.80273269233936,-1.77171590313687,-5.39298895262133,-1.9512859782908,-5.01675664932979,-0.822220757527356,-5.44338370831301,-1.10341014983466,-5.47131269507152,-0.496905110014328,-6.06603004864035,-0.671331965872921,-4.59581764906883,-1.25460314653844,-5.95731572285814,-1.79961746681179,-5.47258762696806,-1.24009819512202,-5.34196773478837,0.821363638122967,-5.49299794031576,-2.37938551863652,-5.06921673089199,-1.10034441805231,-5.10349398259926,-1.03898631137301,-5.86539538246158,-1.64866922133799,-4.04346992210996,-1.53719364010031,-5.72187131063319,-2.90313613102866
2019-01-07 18:00:00,111,2019-01-12 09:00:00,-6.06718035484187,-1.08324085428763,-5.27271302052726,-0.598334917330023,-5.06316772338136,-1.02035153639347,-5.51171444007152,-0.50784098288185,-4.56279269188087,1.65087786061041,-4.82225306016446,-1.51514059900408,-5.22728016973339,-1.09958258789476,-4.6088768161668,-0.0793619023547742,-5.16721484185391,-0.0221462526068813,-5.43346568212573,0.369020502323203,-6.01989454229611,0.379377583295673,-4.83466077290571,0.0402351850179323,-6.28714102497681,-0.696712097294761,-5.24864392250628,0.325239435144127,-4.55571981880429,1.61793894225575,-5.38963354806307,-2.18071758019953,-5.25925350077953,-0.29586031135251,-5.05023595616334,-0.471827645223021,-5.96001874864441,-1.37105974234733,-4.09598162948975,-0.629620443478624,-5.620236800134,-2.82393400182953
2019-01-07 18:00:00,114,2019-01-12 12:00:00,-6.08422028715032,0.20351718411118,-5.24018091209115,0.185035099399016,-4.94161920516088,0.259535879003045,-5.21994547221223,1.17952335305036,-3.97180908790611,2.82219539580102,-4.94455667675259,-0.472148406996812,-5.26105398426125,-0.0417318526213621,-4.09392928226138,0.802592379331685,-4.95196462901217,1.20993280284378,-5.05672651812296,1.6778820288303,-5.72935975132258,1.63465794896149,-4.74049705718819,1.14196927458399,-5.85866085089529,0.915138134793175,-4.66591983459131,1.30968197241437,-4.32704096624948,2.12824423558232,-5.46859915696416,-1.33056948894938,-5.02793130625797,0.395632603861784,-5.37320097404699,1.02444945258223,-5.87777644201705,-0.504571246945655,-4.05385884236148,-0.0265320107617271,-6.04697054804335,-2.33720166530676
2019-01-07 18:00:00,117,2019-01-12 15:00:00,-6.55825944268726,2.38083165616347,-5.27523412118908,1.96897111282651,-5.23049565893694,1.69613213784894,-4.35217190862864,2.47270225651225,-3.23745356829717,3.92532392882806,-5.34417891699797,0.956298678247385,-5.47719957185436,1.7096802098529,-4.34430932161028,2.52930006687927,-5.0480445645219,3.6302386826226,-5.25143757562753,3.30798654433015,-6.29609174777218,3.87509892020182,-5.06162377990344,3.04191838328784,-5.75990345388406,3.39458806916666,-4.92510649068518,3.27169421980333,-4.88001912988082,3.56263798090983,-5.87996169879875,-0.680631837504606,-5.387255262616,1.47501464392998,-5.55381738562474,3.06419681893777,-6.54483786627884,0.487774473692474,-3.40213964410184,1.44277682112266,-6.98778871627581,-0.386518505981048
2019-01-07 18:00:00,120,2019-01-12 18:00:00,-5.98793892646301,3.68346087144438,-4.51783714062711,4.40100795477795,-4.51882992895371,2.34070041340498,-4.28618077703144,4.34438223955674,-1.94130311709635,4.8091765897752,-4.55978086668147,1.58566162767852,-4.99356064513505,3.13486335129006,-3.31790533838162,3.82059672866394,-3.56910984996188,5.13405073197474,-4.65393807857562,4.21389829860197,-5.10986030803492,5.59954720249934,-3.34170250522452,3.88077833603278,-4.56039707781094,4.85800985388147,-4.39087498870176,4.16965647302023,-4.18661498313912,4.75556084033077,-5.78453061521976,0.23398876031778,-5.17574745609529,2.09362183392109,-4.85920699753679,4.80984830239628,-6.26272524823143,1.48952221028391,-1.79154543359078,3.60900821078534,-6.51943408382269,0.774420595794498
2019-01-07 18:00:00,123,2019-01-12 21:00:00,-5.09034556671979,3.97852734367386,-3.15518426258637,5.2698580061996,-3.81408471919543,2.45821433972938,-3.76383577187841,4.76137165281389,-0.345527860395401,4.45093016911763,-3.85859157006426,0.986055747782449,-4.04837630651872,2.89493808621069,-2.08733142064872,3.34903939833647,-1.50315165534194,6.33033541139806,-3.03727923472605,3.63452261428797,-3.88434536021997,5.96524134632205,-2.76756144443421,4.38755763173135,-3.53664593928027,4.43876161654928,-3.47775122296854,3.70812451297753,-2.94863515163906,3.99203766750956,-5.58046164365072,1.03261047730509,-5.00975928423872,1.71377189076188,-4.02735643393412,5.67081061424217,-5.79542299223432,1.40999882451459,2.15054019561235,2.44555734862712,-5.85061142921397,1.2279120098578
2019-01-07 18:00:00,126,2019-01-13 00:00:00,-3.70252894832373,2.96249806828905,-0.359399321118445,5.01447024026633,-3.6822890706321,3.61969193901332,-1.74642085720497,4.72315737613217,0.328199898637013,2.75562018735833,-3.27990997084277,0.281532475079515,-2.74792910210875,3.06669175135147,-1.9529134641053,2.99301601077091,-0.0956104127257456,5.26361821056479,-1.90265971669898,4.47520987928784,-2.40716151050737,4.26808484049601,-2.4081235379404,4.57718791156611,-2.13734747368142,4.883494253253,-2.34325254217066,2.26626370629767,-2.21520890945141,3.9916293461762,-4.93469869666142,2.13340112942128,-4.15436595793371,1.03498982730199,-2.66445414525592,5.36517722355638,-5.29274957354998,1.25900369510892,2.93167212877206,-1.13640089066432,-4.60508186340376,0.853270196560301
2019-01-07 18:00:00,129,2019-01-13 03:00:00,-2.67565353105664,3.84165997655058,3.10062032325192,3.97571350581383,-2.61479946759263,5.04564116700879,0.117444453527001,5.40274745461294,2.42606605903147,1.2918715675278,-3.03041193632188,0.52998721856253,-1.76694274353268,3.97498688933165,-1.21143418278105,3.2072596395677,1.62369147640492,4.82086792743073,-1.03480203339465,5.7060675884257,-1.24009314869256,5.69374311863906,-0.638197246854636,5.68787861968141,0.421031630673097,6.06055160146903,-1.22713834699163,3.11323024690023,-0.745551344910362,4.82264201321146,-3.99989904562324,3.37668059808888,-4.38547107396917,1.8962789192271,-0.203296129355808,6.33347350164559,-5.20014648531631,2.37578179714829,2.64043706671477,-2.6515158429054,-4.08258374863663,1.99812104879213
